episode,agent_25Wh,agent_100Wh,agent_50Wh,agent_37Wh,agent_65Wh
0,3.266306925031966,6.099128624820838,5.692371315421206,3.367327460892247,4.014253765548644
1,4.007650682802107,7.343634491855769,6.77161873330572,4.069855322732236,4.842751890340006
2,4.811680414498433,8.577609494162587,7.8669779012969405,4.88598085098763,5.622443531855041
3,5.588137470673742,9.828366926200218,9.057504583610646,5.5943420412692895,6.474573047685429
4,6.3219062911617705,11.014940449941387,10.169104502664773,6.322649317250779,7.337709730574395
5,7.09159207933445,12.276545462164869,11.296008747043544,7.050454492549287,8.14918664932652
6,7.246310316696315,12.247100609080851,11.250322260592785,7.187533257195637,8.225031535690679
7,7.385767903689271,12.328733671660073,11.274144967650972,7.274850252940986,8.262720985619255
8,7.485638207156782,12.327022531880626,11.238228846295923,7.393513465699067,8.222502505802133
9,7.44363416659157,12.369051049200692,11.290911381612304,7.445010713693394,8.229656004520873
10,7.431014039673891,12.361130305452384,11.358060470203187,7.504931534703624,8.336246311888885
11,7.421842242766335,12.298492578664412,11.39540287464597,7.526228900851357,8.327874006653381
12,7.334222283393575,12.25317077232582,11.42633545076529,7.541236154929335,8.364063269454768
13,7.3199854560572515,12.197689849422137,11.393958840816516,7.544654799487548,8.316595767129748
14,7.306459526362381,12.236545624508834,11.442566679432192,7.58224594340695,8.312636370339826
15,7.239981490751992,12.204366030446591,11.478926609378421,7.63187097435163,8.324211772965743
16,7.308742301413009,12.173128424769557,11.470251479167132,7.6157394324875405,8.318349500217938
17,7.318946990811162,12.0880940270569,11.408800750636354,7.620882414610719,8.360771943178104
18,7.314428060801212,12.202768111971979,11.464413750783159,7.572375381014413,8.433866708482165
19,7.332590730797469,12.202427105235687,11.407739787714345,7.5994725910577685,8.41375282644747
20,7.376181938200289,12.212082856174945,11.32896056011039,7.586004616499443,8.259706150240387
21,7.401734985708987,12.24000445538044,11.302835947654255,7.653620257510372,8.309184243874423
22,7.400106142270758,12.264463129731359,11.29288957257153,7.659742710381075,8.297107363917078
23,7.405969101832882,12.302284703095502,11.265818650410118,7.685812481622406,8.353933894680631
24,7.420768848011874,12.243682913010185,11.236412350942926,7.6287885935755195,8.24849476403238
25,7.463684044414737,12.212084355762135,11.20772077034512,7.606501487874519,8.291082394477616
26,7.396349629401555,12.167741580861929,11.244282587323838,7.6872355641467625,8.269744458072301
27,7.473102167414405,12.184896508396372,11.30415283571204,7.668570226927055,8.2471880593347
28,7.476084170334407,12.124346024663698,11.233743307421003,7.736202060837787,8.193884699904691
29,7.49612863829519,12.034811504936183,11.312884556603988,7.798671792976091,8.181690389766555
30,7.550243824212124,12.080886890764624,11.346140898267192,7.787192589219819,8.240315127599796
31,7.511872636335172,12.029704271237273,11.328390977992001,7.776232796370939,8.22979151763449
32,7.56656893621474,11.965535850700576,11.353198697167764,7.757749883458244,8.262732470195399
33,7.493477242327775,11.949778702455166,11.367164113320353,7.766586991313665,8.256877760389669
34,7.475933816294564,12.033609313755369,11.343954615211148,7.811713537828772,8.413482045008031
35,7.500430788026273,12.11223216633509,11.379721621417282,7.7976065752420896,8.320196304624993
36,7.554012283517686,12.161225040147912,11.313580393449946,7.6738332984280095,8.433315743517936
37,7.5028420467057595,12.188743109061067,11.301282003430485,7.68465557755147,8.412070871793901
38,7.505952050061966,12.160972112271546,11.303947713272144,7.586976138408268,8.378998505539853
39,7.536896805677235,12.173549790289597,11.268378688322054,7.533810630169169,8.36647524429888
40,7.460960397471486,12.145591585947201,11.182663258953479,7.531942292643758,8.377007260448176
41,7.481803184438911,12.221654204138096,11.174696673797492,7.525187627941813,8.388267034998547
42,7.462602251236057,12.217117536854007,11.21208814107246,7.4161102778524075,8.381109556716087
43,7.571106642815018,12.267827154954034,11.15403314284776,7.447749287811766,8.419144008235783
44,7.6334480915278125,12.281313406292366,11.128014591444291,7.490252317778671,8.287081757521621
45,7.570587850404783,12.187779078292504,10.99567348716211,7.444530814522269,8.349404323331587
46,7.56137289240667,12.222393967123214,10.977339536767385,7.498680986491203,8.239504188856916
47,7.547146059329038,12.198715649159816,10.923014583292865,7.570588719904832,8.250995313838603
48,7.532504351679427,12.210832563103226,10.991080376146368,7.5752510404643925,8.322115183714166
49,7.569636740786587,12.195536643600333,11.02836433380523,7.638037713611883,8.359759739453926
50,7.662390119196435,12.132547703479196,11.043669042868304,7.68482877477155,8.268307139330094
51,7.724842861602855,12.105093720946027,11.182137325071304,7.655081206791972,8.242660721961359
52,7.715570596684113,12.216433162671633,11.159159622525275,7.713260040568586,8.267027325910231
53,7.671352547909834,12.178649119027412,11.178739527926567,7.72518671451685,8.226450190610912
54,7.6726455423391755,12.107745573165277,11.122189058603348,7.7017600394655314,8.334154261132154
55,7.769025037676657,12.164334694960575,11.288851566375367,7.797051894387101,8.295644636001535
56,7.742593534511127,12.032938710497191,11.260703696610415,7.754863297489332,8.372978579480922
57,7.7509846462323955,12.059455533768475,11.24861714321404,7.721121575699444,8.407730576182182
58,7.738007833051393,11.97843987333795,11.225387998433227,7.717916465592505,8.306501537089307
59,7.676727796377078,11.986048409243786,11.279010605507565,7.657813525302579,8.33778160977929
60,7.671503758845026,11.96790256039179,11.356726506996685,7.614001100668244,8.421737059389457
61,7.688456308122577,11.916502936156956,11.293406789313707,7.616640710128779,8.412933074400147
62,7.718178802382545,11.916020931601219,11.278893904544931,7.666261553846391,8.411796052435093
63,7.766502458114018,11.875063262702076,11.323078198228048,7.688548218173791,8.379081442228056
64,7.771300228532363,11.904106586557242,11.445265768167241,7.71103722534094,8.30614864985815
65,7.717817834590999,11.870952541708393,11.36990013377636,7.654422361014015,8.351039018291052
66,7.74911505176103,12.005638707905803,11.425916676529443,7.677519576112186,8.284518634783897
67,7.810606549015498,11.962225020371278,11.48527192126503,7.715601654712307,8.19784063470524
68,7.84904136754594,11.980722280258933,11.418651892173626,7.772243226767434,8.295637116182418
69,7.946885731300839,12.03574998168524,11.316635895916246,7.8598744009522985,8.240038362442991
70,7.830247035090598,12.061099508097461,11.20123981922486,7.907562190922083,8.287124264502642
71,7.81467806025317,12.050492578453287,11.176405525926286,7.9419119714320185,8.309719073168646
72,7.822568081608281,11.986140467218078,11.117030106477845,7.887666852505123,8.230278976388842
73,7.781203627594335,12.06586317525347,11.043642458685005,7.854756358442056,8.224353150022212
74,7.77415345230341,12.086263786650326,11.021928702468992,7.828821134458128,8.298908602607572
75,7.730521186192911,12.074043696893499,11.0635841452174,7.896187798080703,8.260587801892024
76,7.713419062204127,12.040578644799838,11.094113512131116,7.945009634489915,8.285943807284548
77,7.6756921739013215,12.024441177264013,11.037567017556684,7.87697771984667,8.347646648108505
78,7.7310112902879595,12.160510694497896,11.028729670462273,7.827973116273625,8.353129001930094
79,7.660607528114098,12.135630313140283,11.074533941518975,7.683658233193789,8.38968082851059
80,7.724379530049474,12.173044180679733,11.101176581099336,7.691999684829398,8.341898558899604
81,7.678639233088449,12.277812266870457,11.096440610466953,7.6500914575222225,8.380866420000816
82,7.708692039214944,12.304821931434393,11.154139767369127,7.5882557253819325,8.517416801448036
83,7.731082918650821,12.23354999281072,11.159211486561736,7.601168330461231,8.583385906164175
84,7.711361728080899,12.191163883369448,11.156417074413088,7.6999007581901475,8.541253730695914
85,7.800055089708427,12.202384484009473,11.054191069840526,7.676252143156492,8.549553266181157
86,7.814403021910661,12.215021960860012,10.997202947878648,7.673978858940908,8.536925688898423
87,7.838358980178182,12.257517217558428,11.068088580643765,7.706703669403859,8.54067686506751
88,7.766245120893614,12.175512773409766,11.045462408545085,7.751626702264461,8.527587129043416
89,7.776746877296946,12.189716351736534,11.026701329645816,7.8499107697302035,8.593593960860302
90,7.795244724965385,12.1690306847514,11.062808227610883,7.820716167743391,8.644028286369203
91,7.7670420864824745,12.130488971498032,11.091950382384857,7.868800409610653,8.531562421871124
92,7.747839396351067,12.03989092446868,11.079720247249574,7.95709177531335,8.506602777735889
93,7.747043192485378,12.087493444043329,11.167188469174926,7.919083133082249,8.431532805696904
94,7.768627398250271,12.109478438258343,11.167932845481898,7.865045872453859,8.415607151731422
95,7.7471117847098,12.152797740977919,11.20185613288246,7.86104309522401,8.458700013341133
96,7.697446860156962,12.037006941215562,11.228993615223821,7.8054750661235275,8.5711583015536
97,7.652341189168153,10.7992871120847,10.09825102175499,7.82354891683247,8.674469333497372
98,7.6668207040083,9.58893246692247,9.03923751195962,7.7972180317373185,8.684359528375204
99,7.652601725954466,8.351009702813817,7.903968930599604,7.769242738075516,8.62465025415363
100,7.662243515445315,7.146027879111384,6.785954565469695,7.783229401270891,8.622312364045579
101,7.727777548819471,,,7.817174014396574,8.717531356643901
102,7.786209460630943,,,7.827123773528607,8.665619092359867
103,7.787540814223162,,,7.854292147393711,8.775646360227908
104,7.798852797827183,,,7.852892797782911,8.8005016514842
105,7.803902337274135,,,7.91243114771576,8.811591112068577
106,7.787768397304348,,,7.963160386168615,8.760638575433797
107,7.803470140712041,,,7.947866784252168,8.656897692075031
108,7.820703447995376,,,7.937463690559772,8.66672754983063
109,7.937062753681363,,,7.900394797129293,8.650808886515074
110,7.939600303343475,,,7.8918763655653255,8.609294339927448
111,7.940025293958052,,,7.832875642544077,8.533689417575973
112,7.877671065713088,,,7.810353611100204,8.565765376526663
113,7.835500663972429,,,7.814585201636877,8.529007142315198
114,7.870020548429254,,,7.804159800720482,8.540997132317383
115,7.903916929477037,,,7.751837528845762,8.590226867165873
116,8.002911309439716,,,7.750427493771479,8.567170645883568
117,7.97682707709629,,,7.753473984343379,8.579352248059065
118,8.02713489910961,,,7.729286474621215,8.508193921134696
119,7.897420705114865,,,7.736176884171949,8.521068062553935
120,7.9296261676843045,,,7.745348401077955,8.573081942630617
121,7.999972165541232,,,7.728342615287973,8.65133989485468
122,7.971164353994383,,,7.76080487874847,8.62471521020895
123,7.996096237230707,,,7.818045465184695,8.593763624575057
124,7.963960572180682,,,7.84732093123446,8.519017364651361
125,7.925002590675087,,,7.846614019496071,8.440931504687734
126,7.846682276998559,,,7.8857598020688915,8.476906956782555
127,7.884944335636189,,,7.892511149500736,8.475295179534767
128,7.804890760456856,,,7.956155449125149,8.53671330196565
129,7.873658458109293,,,7.970533079124607,8.553865201640921
130,7.823868000083509,,,7.966530501372464,8.52860258405979
131,7.804151870965423,,,7.994430614763612,8.471667379530306
132,7.81332627371816,,,7.978851269966755,8.512092069426677
133,7.823361435050165,,,7.929729593267723,8.533387691391805
134,7.850109769422124,,,7.887197081916283,8.613302032921764
135,7.827899498850282,,,7.912947802139957,8.60948230328502
136,7.894012210250385,,,7.904631947056357,8.494415722406975
137,7.938654946034323,,,7.9337201788739335,8.517292945285453
138,7.9195456181290025,,,7.8914053400008095,8.483481066575509
139,7.910599367728662,,,7.820844081154367,8.45275785200835
140,7.953102995107592,,,7.86508505841515,8.482563240768073
141,7.929337301471603,,,7.833516729001033,8.49639279401746
142,7.91788408577767,,,7.822317640468272,8.513873033336274
143,7.887750789511896,,,7.777457231123159,8.523510664309173
144,7.882719902882039,,,7.713930555649793,8.536124147409428
145,7.9378927496792135,,,7.717390447048146,8.509785052934804
146,7.938862414704866,,,7.702570648898769,8.646488039775145
147,7.908328079001643,,,7.650103477763533,8.619133638740568
148,7.943830936845541,,,7.614789355132087,8.629714511090107
149,7.948674598648709,,,7.692089996816055,8.673142318749239
150,7.954775791036999,,,7.677791189900519,8.581508554249053
151,7.906399676881805,,,7.6746832165554695,8.617508908342234
152,8.014000774046046,,,7.689550352395552,8.542041977505885
153,8.076266900751953,,,7.730389102554524,8.473874398726018
154,8.016432940189153,,,7.818299376812565,8.39409482093295
155,8.02997200672169,,,7.805780561207136,8.493276446675354
156,7.990958509533791,,,7.74539331768906,8.424228143930682
157,8.005784009192446,,,7.810393547588333,8.478200706401338
158,8.072637667649435,,,7.896534385288944,8.47406214968198
159,8.03896999932574,,,7.912785430972161,8.40694607396573
160,8.063026434699031,,,7.860875233887329,8.438800809473975
161,8.102967989642066,,,7.896565055466027,8.475541246151895
162,8.069404115346645,,,7.858044430466628,8.512093426266452
163,8.121962700746977,,,7.855411014848368,8.54240691707178
164,8.160171498104532,,,7.895659367984905,8.60734507149203
165,8.11665084408275,,,7.842904945821931,8.58560107738219
166,8.123107197895106,,,7.8190475702869975,8.657270604386763
167,8.073196851396366,,,7.829887242962325,8.65794580480991
168,8.029568527140235,,,7.832232455169261,8.66962294741852
169,8.072184449267693,,,7.815730937142513,8.685202061245484
170,8.047585987779048,,,7.894732477590531,8.713621263148953
171,8.060494722287466,,,7.896497802037054,8.678614451254548
172,8.03204127592333,,,8.00152580759762,8.653540042545703
173,8.014942197665798,,,8.034979342285345,8.645678325461116
174,8.010210584439488,,,7.961125533527513,8.655057970971809
175,8.12610692343728,,,8.091169112785119,8.637231304732634
176,8.176693037964395,,,8.13333755267382,8.597346417203916
177,8.174515642757413,,,8.110798735447302,8.512763633141402
178,8.145859700577544,,,8.130572895909943,8.517526835976396
179,8.15026023179578,,,8.198893954251197,8.5343166939769
180,8.137155292667606,,,8.2168175178316,8.58510257189982
181,8.141352837878305,,,8.240805297434438,8.615010675597953
182,8.166403925344445,,,8.14762588172234,8.578440369868714
183,8.124107533015252,,,8.141011983475357,8.57627570614682
184,8.1138258295225,,,8.133280501224123,8.50823687830295
185,7.9790937551781775,,,8.129928843843178,8.483517570475884
186,7.950824673937959,,,8.156347873599794,8.479991874221152
187,8.018429099243523,,,8.118274111023283,8.4520019018322
188,8.06657026959223,,,8.11482905226057,8.425232012480777
189,8.015003840342779,,,8.023712619803472,8.425139363114262
190,8.03564134632814,,,7.9344844250092,8.402755005826059
191,8.025251994606762,,,7.976585325980025,8.369134132048671
192,7.979487129171141,,,7.979609016004687,8.416736787692532
193,7.987606022122927,,,7.926974885951606,8.465444116685651
194,8.021251887777733,,,7.972593305796823,8.506612907455409
195,8.034711639813747,,,7.941809972170979,8.529762920794443
196,8.06656581306294,,,7.96324768054943,8.601637097085659
197,8.060794833258083,,,8.011629737551104,8.717810626758089
198,8.096613983942998,,,7.979254730912175,8.714829599730232
199,8.179554310589213,,,7.976902107646394,8.798270413029792
200,8.126998735663506,,,8.06606778039593,8.833409897776772
201,8.086506256641124,,,8.011874960234522,8.798696263661094
202,8.137107638725537,,,8.028407700183365,8.86703300814129
203,8.150780927911772,,,8.113100488612295,8.928812935576824
204,8.167827475965455,,,8.114976569522518,8.914232783459706
205,8.340985921573388,,,8.090666328731459,8.893956593995519
206,8.342955858373154,,,8.143768431147976,8.876684064437601
207,8.35687523664943,,,8.083485518380499,8.841187162057947
208,8.345069433518109,,,8.141486440417218,8.913592870979615
209,8.326008286755053,,,8.190536217683619,8.891043115680349
210,8.361480019924782,,,8.142761331290256,8.868027771316914
211,8.418896678802428,,,8.20421144743478,8.853191827829775
212,8.371939969233795,,,8.225569354008654,8.861009124964061
213,8.345518061471385,,,8.193350759645874,8.846002167688985
214,8.307627059432756,,,8.206542214995403,8.879927843264163
215,8.17519273243157,,,8.17471103252701,8.916981019026112
216,8.238167105769321,,,8.065774469214563,8.82111569762087
217,8.136996522129389,,,8.05396238155265,8.833598636678593
218,8.129594492555421,,,7.953177155170762,8.838338025346523
219,8.052764322391527,,,8.032628676333019,8.827585014066724
220,8.04585525893461,,,7.9909986976419765,8.866993306743824
221,8.053993166601604,,,7.935889175383746,8.914041598755741
222,8.081597155951691,,,7.916314464364423,8.899281295263169
223,8.050115386664029,,,7.915414992934011,8.815004472829084
224,8.042512070979722,,,7.915449170762568,8.825097229343962
225,8.06183785556032,,,7.963724800811058,8.819698781797271
226,7.957067444664481,,,7.976311659822647,8.884046193972315
227,8.028621767328564,,,8.01045626428866,8.843075627228377
228,8.011328662800391,,,8.093508600941302,8.811340141673464
229,8.04936982693508,,,8.007333701547216,8.845056863125963
230,8.147459771654695,,,8.102026475426015,8.777272306519494
231,8.140417077774792,,,8.12594308674279,8.723847793047145
232,8.079175764112982,,,8.159779672441704,8.76715778633364
233,8.13276181764869,,,8.171517023870496,8.86238216228626
234,8.14538047815758,,,8.181948404034284,8.815904594265055
235,8.162580201597763,,,8.159615176757613,8.852862147583139
236,8.165895718164686,,,8.134821027502607,8.83249666013468
237,8.160498309506796,,,8.15579641656131,8.87076970192729
238,8.179040037146441,,,8.124116133452379,8.89969621761782
239,8.234474410386612,,,8.1201819014378,8.865709571336016
240,8.11792609331772,,,8.08881372195581,8.864084173574154
241,8.079737759049907,,,8.123128197874838,8.90994272068333
242,8.126344559140207,,,8.107404891325785,8.818430134417945
243,8.090577221748017,,,8.10246679710783,8.738664081361259
244,8.165223236818985,,,8.128776876835351,8.79155905318378
245,8.143801231071347,,,8.136013337463469,8.741044667538363
246,8.12433559853787,,,8.282087834411836,8.79107263881578
247,8.15896233370365,,,8.292499534699903,8.838533883887552
248,8.213594601635402,,,8.256338491506927,8.805816214566697
249,8.212716071847282,,,8.304141429859504,8.827547001558159
250,8.197968434447017,,,8.295975624129404,8.877215543988598
251,8.193381632108593,,,8.293602747112699,8.92348900295191
252,8.254023455626404,,,8.310408021720667,8.96309754095129
253,8.254626264168081,,,8.289531719878937,9.02644496248908
254,8.213023637586975,,,8.178853564052018,9.045589898769606
255,8.228179531379421,,,8.158288985508435,9.025836044514378
256,8.246087010648013,,,8.02933048150979,9.032595008284325
257,8.214335788062506,,,7.98506969415974,9.006321551250586
258,8.031228402833438,,,8.064433556210785,8.99117407537774
259,7.967614886121945,,,8.094321146246362,8.975842035800124
260,8.018623711794406,,,8.094680073831684,8.979448512312977
261,7.999627426925838,,,8.007994134711645,8.951074026316691
262,8.021966026884925,,,8.002819687265426,8.986804363112942
263,8.006329508769166,,,8.053862213304976,9.048425042548967
264,7.984290298205472,,,8.079110985672088,9.002315515552443
265,7.96795723522218,,,8.08146832532113,8.996570499293483
266,8.049765047764087,,,8.11516153577227,8.972403033077724
267,8.006906605017207,,,8.109864273311311,8.970093673809517
268,8.165355806064495,,,8.117442311736738,9.000841168008527
269,8.20913451956684,,,8.05423966663161,9.067358011203295
270,8.192907373916562,,,8.057183032468092,8.996754366238358
271,8.25736472678174,,,8.066793712208874,9.034392223931427
272,8.207483142136436,,,8.034302219872538,8.967050394904977
273,8.235847901135557,,,8.013108517867671,8.944588271807637
274,8.25179052291842,,,8.020705621883053,9.054321819358329
275,8.232100134377346,,,8.087636547022978,9.078455933272396
276,8.188058513142835,,,8.06802583223968,9.043698771237015
277,8.262708884225685,,,8.100861386766013,9.046922773975686
278,8.278871376661478,,,8.108255687804109,9.036880089012538
279,8.231186366973981,,,8.061202273336496,8.973047451251881
280,8.334993553970635,,,7.980600824340614,9.020515936805811
281,8.250074954796856,,,7.9579647993798615,8.92087025279409
282,8.242319519734782,,,8.020373907794799,8.953385237765993
283,8.284947588133006,,,7.980021438018062,8.860545125081336
284,8.295239060819727,,,8.086474387287007,8.765423534763888
285,8.292023522204783,,,8.01036859776842,8.8566594096525
286,8.279309623769496,,,8.04103110190378,8.841545658208599
287,8.233414348679508,,,8.096297813227386,8.846737615601581
288,8.149290911772413,,,8.137913252531781,8.855668476654568
289,8.217648311480053,,,8.267500047377004,8.850902119169152
290,8.148302075408338,,,8.378020758737936,8.88384039875574
291,8.185344400432097,,,8.472411309513026,8.968709154822028
292,8.213112230932998,,,8.446290852660319,8.986093357835076
293,8.20026256631019,,,8.487756349008324,9.049635457377828
294,8.21203953525674,,,8.373870374728574,9.056545363651493
295,8.24824418450199,,,8.359946899357595,8.976070389901489
296,8.225624955977025,,,8.346707223208295,8.977272652520591
297,8.225748645289894,,,8.28079575346361,8.91192217562797
298,8.277602024712316,,,8.19253978931818,9.039386045524402
299,8.276169170999262,,,8.14320627049453,9.099957661426197
300,8.271126979018636,,,8.136829059776021,9.024841558600011
301,8.307673669410827,,,8.108330335270123,8.971123920907557
302,8.330203132549002,,,8.14990072735807,8.977496850892205
303,8.305469118889047,,,8.09429007555136,8.971860576488558
304,8.308227468862698,,,8.119549387966146,9.016218476846118
305,8.293148946589428,,,8.131865287537211,9.037363663938132
306,8.327549164529296,,,8.077023452906042,9.080948318402056
307,8.39572062643117,,,8.090041244103293,9.131264294882692
308,8.40710503667634,,,8.10893540614991,9.023599218907055
309,8.419119421129766,,,8.145566944028083,8.892110149694588
310,8.47117524617189,,,8.14021640394112,8.932780993547054
311,8.468479795593218,,,8.106230140966552,8.947967173473845
312,8.448437624470458,,,8.123899271739006,8.933966993758784
313,8.456185848451032,,,8.213732053589343,9.02411443842632
314,8.445769184139845,,,8.244207039178573,9.00761517866972
315,8.443255448261002,,,8.267046105989117,9.00024454692029
316,8.449663852096775,,,8.300602328043665,9.039211508102268
317,8.424450423424009,,,8.291042685013958,9.043423121060055
318,8.361765887426067,,,8.336486851141144,9.05384062667657
319,8.400491968011343,,,8.350044174216743,9.167174664480736
320,8.31445598908164,,,8.379256180258063,9.263038836791734
321,8.271471580227725,,,8.392165919669143,9.257292539393129
322,8.287659413188942,,,8.280740601416477,9.271221663238075
323,8.32695113439646,,,8.23231129155356,9.124159322365976
324,8.334669064701433,,,8.138326539609983,9.139442151852094
325,8.358784775216007,,,8.149921994623519,9.122271642195672
326,8.35228861376349,,,8.170587076017343,9.076778461087123
327,8.304658618321852,,,8.160791506565538,9.055692677512926
328,8.336014721403155,,,8.057938274429496,9.089447173760398
329,8.241425762223747,,,8.003382749783313,9.105351789832618
330,8.309702782971675,,,7.926711684113593,8.976984082219214
331,8.345210929893284,,,7.901241323051894,9.024302521953675
332,8.273025517560924,,,7.835035303046081,8.980583135601613
333,8.232391220499887,,,7.83050773542209,8.965568443002713
334,8.22684438002776,,,7.9605589397116665,8.936564627524135
335,8.190704222222406,,,8.01006865007454,8.963832366869262
336,8.165389663170112,,,8.0042679746458,9.075042072809092
337,8.20293069576831,,,8.002845572619762,9.101223445383612
338,8.211724993703008,,,8.079478531377449,9.003824084811885
339,8.219658662923948,,,8.026541000433628,8.946083651054568
340,8.183249646091916,,,8.059836130085746,9.036360760801955
341,8.208371591579915,,,8.133265204850545,9.11597002643341
342,8.20115065476461,,,8.285200393234328,9.081743441910435
343,8.17762956652149,,,8.287410612985731,9.06151336083686
344,8.149272066994792,,,8.221305839137369,9.14636822211519
345,8.168680092034952,,,8.136053316006024,9.174984970800901
346,8.217958600183772,,,8.1276246231881,9.047884236433765
347,8.275055386691943,,,8.145350455212913,9.050185507847495
348,8.309206033308762,,,8.146704225341237,8.99958184333711
349,8.333734016613898,,,8.219721389504397,9.01438915606711
350,8.346374320330336,,,8.182305089883414,8.977537736901997
351,8.298637839414402,,,8.211476493112427,8.92733740954605
352,8.341269160369272,,,8.161974422361677,8.945622798888438
353,8.373902607151733,,,8.165670055855152,9.017275138165397
354,8.404837881304893,,,8.147436942772835,8.898082351617166
355,8.380339837573887,,,8.091080189425547,8.882067285664615
356,8.382485480047457,,,8.15092607431433,8.873232150205592
357,8.376010430887895,,,8.186294608926797,8.832305393789877
358,8.332165438289357,,,8.164549218599179,8.890640582556149
359,8.344637678652612,,,8.138152840788676,8.91471135481667
360,8.364994657508603,,,8.189304456594536,8.941134887237544
361,8.387496196200694,,,8.08090754190474,8.897690170919555
362,8.399148907387595,,,8.070376662784303,8.943514259002455
363,8.41191847451729,,,8.099036916626295,8.892583603105859
364,8.409118331423917,,,8.079622888185579,8.931898039299881
365,8.415030040421861,,,8.178316425675481,8.932682996114039
366,8.404972518720923,,,8.097814199500286,9.080123735036118
367,8.37496076251231,,,8.086556889721448,9.06158991560862
368,8.435545341180894,,,8.091637612827892,9.17381598230419
369,8.459711708839858,,,8.025337270186068,9.204563170244313
370,8.519020985311837,,,8.041733470091826,9.193910101125502
371,8.51136975917644,,,8.064964953937805,9.281590274875697
372,8.537359421533814,,,8.052266398749396,9.301383858518092
373,8.545619696894867,,,8.032349244726035,9.37075346656067
374,8.61867896558461,,,8.118897192534433,9.371417894481938
375,8.61616620100119,,,8.072097629638348,9.415521040750548
376,8.58266403520083,,,8.124030746729074,9.35420441786349
377,8.546580272517499,,,8.124511432471468,9.373477108532926
378,8.427507356994276,,,8.156202054618205,9.257219860421268
379,8.378902941714212,,,8.22889515671665,9.202632641677202
380,8.279772963939742,,,8.184253382412116,9.155581379875862
381,8.312459716236383,,,8.191977441366587,9.084919704553187
382,8.295460176326001,,,8.231248212701109,9.11916039510012
383,8.35722726231931,,,8.188881767008144,9.091191694878978
384,8.318576269897944,,,8.046733070121194,9.103762892251083
385,8.329996786959672,,,8.100745333157564,9.07113655333979
386,8.330412467792335,,,8.136058997708087,9.075723937609448
387,8.368053256433514,,,8.052802969575332,9.03046269663785
388,8.392429720065078,,,8.021858243385982,9.087045747179161
389,8.471763612636968,,,8.078011802628192,9.131251855021098
390,8.536481741445819,,,8.217529442268408,9.237991407630451
391,8.51386408322185,,,8.314797068687797,9.255296811093512
392,8.440820853928656,,,8.366756881256553,9.176880109596704
393,8.419007502501014,,,8.495857483583213,9.26928445567741
394,8.375024745639726,,,8.761314858447276,9.296077301575778
395,8.437708571824013,,,8.851639071418171,9.299535097167059
396,8.414467669183049,,,8.929125941782353,9.287311629682138
397,8.376551916684914,,,9.125127698772898,9.407278568795427
398,8.425889182648211,,,9.237927494882808,9.438243967591491
399,8.364921250614895,,,9.319143287576773,9.375043362237344
400,8.31294972658443,,,9.392743289026622,9.386951344489276
401,8.35658732030128,,,9.478492726490547,9.466774212517027
402,8.386680045989008,,,9.557601852407682,9.563651117384339
403,8.343901414386467,,,9.598520461954498,9.48286577115762
404,8.361836283624747,,,9.524897282351038,9.482492380861535
405,8.340421877259791,,,9.59106174847263,9.506410843754663
406,8.42530378891733,,,9.6098798353216,9.532363787110214
407,8.409731164998615,,,9.607052994165489,9.544431539660806
408,8.357014285954838,,,9.741587964983726,9.520304524411621
409,8.401219517298687,,,9.732325856064346,9.592296408090068
410,8.423126778203784,,,9.623745030487816,9.5678899651821
411,8.367882700105532,,,9.574840122439447,9.57618033054965
412,8.450689632526823,,,9.60025500196027,9.587206054256374
413,8.44999456849363,,,9.591634111137239,9.680603149661266
414,8.481480290883114,,,9.574925308455946,9.71730345316176
415,8.458885373683126,,,9.566789583674236,9.80429611988283
416,8.495041029002806,,,9.5476391272026,9.83902293084542
417,8.586778653690134,,,9.634985124340291,9.824964209730217
418,8.619877937408516,,,9.579433749386965,9.956009287149936
419,8.599728399874445,,,9.576501281039034,10.026245971013774
420,8.607071264371257,,,9.678810553547207,10.033194368257918
421,8.67872557394126,,,9.71496529506712,9.99631421075453
422,8.590220029928101,,,9.732584790759415,10.016601785252325
423,8.612733231801121,,,9.777032692387596,10.032280465187648
424,8.605125769769934,,,9.822560772855208,10.060440121030593
425,8.546609537137575,,,9.778124374324364,10.035818078110466
426,8.441123585874571,,,9.839263029693063,10.094210453255602
427,8.315196562546811,,,9.751595334516221,10.17540573140054
428,8.325906202753497,,,9.689000016722972,10.132182122096294
429,8.328218826182963,,,9.659439051689793,10.145270706319192
430,8.364026509055654,,,9.616142706226311,10.124900186157513
431,8.324867522985148,,,9.698501475540143,10.1635992814548
432,8.420377642450909,,,9.629530347148396,10.224488027273196
433,8.350987127812559,,,9.60255145062152,10.203052463319317
434,8.258798100622089,,,9.676550866714736,10.166876202443266
435,8.316612631390612,,,9.681908717009351,10.134348576534506
436,8.371254784057625,,,9.651708419208234,10.033806083005459
437,8.442378798042862,,,9.611997810220387,9.967137599498832
438,8.378004342696553,,,9.611223675817662,9.948436007472633
439,8.349096799443629,,,9.600589215408004,9.85935728282756
440,8.254444981294114,,,9.58037752417086,9.902579738832593
441,8.275838368406149,,,9.4775612220181,9.923245870649433
442,8.228557256427102,,,9.539678703589413,9.819423862374846
443,8.24320557838284,,,9.500081995827662,9.888065593087589
444,8.289117929094012,,,9.3995049130685,9.942353659326523
445,8.25908905133868,,,9.36882087046352,10.009788218741154
446,8.247191980622937,,,9.310098979582417,10.027845930220407
447,8.289672917982047,,,9.339807226432537,10.095118278640138
448,8.334112097654552,,,9.321528426636505,10.070668180464377
449,8.359353007034517,,,9.359392456536451,10.164101402213053
450,8.391408384281728,,,9.406388248686458,10.174341585196165
451,8.346628979575277,,,9.393151723976834,10.163509300711146
452,8.339973439837035,,,9.41469227798089,10.156274621326942
453,8.340242509991093,,,9.50603397631712,10.065351334211483
454,8.336695779235125,,,9.564145237807592,10.071162059134522
455,8.329249710307062,,,9.550706679728465,9.996000519471973
456,8.395437324154075,,,9.59923435637781,10.040441010908598
457,8.351067372715304,,,9.688726196938243,9.953564292861868
458,8.35299330179325,,,9.736885170971059,10.0313077284674
459,8.339896318458736,,,9.722271299823745,9.949142885175807
460,8.345978923063443,,,9.67652833666432,9.963604440288734
461,8.358233369869412,,,9.737811246531415,9.967367295101216
462,8.376588612382601,,,9.704112935381861,9.987534691503857
463,8.434100012373115,,,9.657701404094563,10.046293189900535
464,8.43212187185268,,,9.649713688541496,10.034487350467646
465,8.448672261672506,,,9.70380695211848,10.051209101112924
466,8.367940486130495,,,9.686909839228191,9.99532760256176
467,8.29238993346369,,,9.679172470593038,9.974710238802599
468,8.266523508670279,,,9.652680237970392,9.955576703097046
469,8.301615469932155,,,9.71552900385101,9.944343026651225
470,8.36380238171502,,,9.75702259653253,9.929371617182388
471,8.365201553444152,,,9.754638223576169,9.89700921278787
472,8.363362973966423,,,9.715166972282516,9.951309614405979
473,8.351960146398518,,,9.72085548575236,9.917600080201463
474,8.484042744518904,,,9.714934411028977,9.895784659427338
475,8.554804438279588,,,9.689052621069122,9.947340287061754
476,8.572136614231178,,,9.72693155063536,10.00088360820245
477,8.625261134542288,,,9.645654296590568,10.088361688535715
478,8.629385656452746,,,9.721597944389245,10.092276364452278
479,8.60149296036989,,,9.68713650741082,10.092040686754753
480,8.526180445663352,,,9.695652159033935,10.115322781417184
481,8.490192705680926,,,9.707168752293638,10.147638586981145
482,8.455442250532414,,,9.748272557448416,10.080280672254355
483,8.413408920660157,,,9.784888297357929,10.080675731907464
484,8.367630744978829,,,9.811878145604997,10.08961943319762
485,8.361687973040148,,,9.902146282618807,10.053699613741987
486,8.364933914961663,,,9.867074361335726,10.052929942381622
487,8.449307479560622,,,9.927352407550565,10.096630951478128
488,8.506356150924974,,,9.951641392240838,10.12074675996865
489,8.464502315267499,,,9.92694983314366,10.130557711073223
490,8.542928060474338,,,9.86050977869149,10.126058986996393
491,8.614738191898073,,,9.84496334836862,10.15198976947375
492,8.600484759918393,,,9.825218680166579,10.204093198960265
493,8.62718409721186,,,9.779026310771666,10.254312726250795
494,8.535666989271713,,,9.755434891886152,10.331770823643684
495,8.452954289570913,,,9.70406604448323,10.371730462487776
496,8.480273882764806,,,9.74704438070922,10.362153082385218
497,8.48898346372507,,,9.706839928868767,10.342097694187244
498,8.431943624732192,,,9.587363611672474,10.302794502066071
499,8.478191962481905,,,9.601983653634997,10.351880081744305
500,8.393144805778462,,,9.672010342388681,10.312138703490536
501,8.345673907437728,,,9.617834476876244,10.322040707142163
502,8.35733469362113,,,9.561002910227295,10.275828830621661
503,8.335558580802608,,,9.584886432981028,10.29343498615188
504,8.368442879198374,,,9.582397693827719,10.238719936604944
505,8.384052304278628,,,9.50528517412578,10.152436424175486
506,8.363637922260832,,,9.527451258756656,10.166849870724416
507,8.29985757673023,,,9.530241899566755,10.05229408160871
508,8.34737850312499,,,9.594426141468242,10.075390842111572
509,8.302862256790599,,,9.650459046560464,10.110704483917969
510,8.316067272639128,,,9.653401480647332,10.100025771573343
511,8.367687032121113,,,9.768530237070632,10.042009127911294
512,8.409457410900089,,,9.87513954126208,10.150049038385623
513,8.406824685858327,,,9.937392374973758,10.068430319908579
514,8.411725890422517,,,9.987012283598778,9.997472705771617
515,8.472461054620798,,,10.137346663926666,10.094492156914075
516,8.407418340894209,,,10.16789552661145,10.136992357464035
517,8.431119799043715,,,10.187254695248926,10.19694083990898
518,8.417500979980673,,,10.24460190194961,10.190000458021183
519,8.471352727503584,,,10.211997399378403,10.18949251748616
520,8.469016716870929,,,10.225702060259671,10.16642342998377
521,8.387798023132307,,,10.186129980770932,10.121330595876325
522,8.321936525537433,,,10.234638895230555,10.066365735179108
523,8.364297405961619,,,10.173780774340399,10.127826384562248
524,8.371535509396058,,,10.173316833069817,10.172528024415453
525,8.32112726086994,,,10.147920641792032,10.065588378624879
526,8.410725189831144,,,10.11936981057776,10.05540910808267
527,8.341477386199365,,,10.18026648821653,10.028154910062131
528,8.364864901793,,,10.082544250011354,9.96984195128611
529,8.301384283558471,,,10.086933130120567,9.919800842327888
530,8.30282034663206,,,10.043279227885707,9.998481868031337
531,8.36356328432484,,,10.093061022229755,10.042489819206917
532,8.384794650120627,,,10.1011724887368,10.005412255417976
533,8.364461026075459,,,10.108040626404168,9.948528914565879
534,8.390421880120275,,,10.08886951440163,9.915176539412416
535,8.396274638801406,,,10.067223604604466,9.954720617149599
536,8.396702606773463,,,10.092949284697912,9.7576422334752
537,8.408896047807177,,,10.018134675569003,9.74318391816906
538,8.429161569960634,,,10.069445222758644,9.741118777829708
539,8.526457223499856,,,10.114520952801124,9.662481216532035
540,8.467664945411892,,,10.133858364989283,9.600197163720111
541,8.44136194818,,,10.06591103329579,9.549379547835702
542,8.489661826690114,,,10.028298782698993,9.597316138620704
543,8.492443562333888,,,9.935011739182164,9.643811208876182
544,8.466560969243234,,,9.968704018074177,9.637467320041889
545,8.463557709335676,,,9.945974735268068,9.631109433670622
546,8.431967581575684,,,9.842748874362417,9.757123050893851
547,8.463837575524257,,,9.899486798141588,9.78641246688944
548,8.481111953430206,,,9.948057898001807,9.827970105086221
549,8.431851886591375,,,9.915215174406,9.889799396057532
550,8.521342945053666,,,9.964042502147235,9.875735083448639
551,8.525407741708916,,,10.04712017653859,9.94665912452495
552,8.487493224132448,,,10.07128384459385,9.937813777673302
553,8.484585733741696,,,10.233314720104493,9.878299875260833
554,8.484683517719189,,,10.249086931077121,9.955926577171178
555,8.490800545286985,,,10.28608119989431,9.955403534437874
556,8.502439965582349,,,10.29995392854608,9.979901037616685
557,8.579387439530716,,,10.27310656339485,10.036298534937195
558,8.570341259540763,,,10.198080859304216,10.023290064688668
559,8.55236855352947,,,10.290781571461746,10.06047478380477
560,8.587930365652367,,,10.244833008625644,10.075522997276554
561,8.595726728086209,,,10.187006228732738,10.035387185804845
562,8.546430018246093,,,10.166236512504923,9.99430704715453
563,8.528667468062672,,,10.12077958190396,9.984469781337403
564,8.460266683057492,,,10.165307591174559,9.931861372391674
565,8.469385197530647,,,10.153686208163057,9.885496427513212
566,8.462607693637045,,,10.240857934170075,9.84782516657092
567,8.45355904245299,,,10.242858038548214,9.797849856452109
568,8.438711818932406,,,10.233367254869133,9.787541488963816
569,8.446877403717538,,,10.127749661483758,9.761804604566457
570,8.433245481299473,,,10.125015572933577,9.778462385854008
571,8.373148264011805,,,10.098958658699928,9.804590727429913
572,8.45668261667607,,,10.044242236424061,9.846595837154851
573,8.518605116441202,,,9.979320816975227,9.851914672111874
574,8.528205614593478,,,9.900282339770138,9.815986231302627
575,8.580645491453247,,,9.844536676378945,9.845045111967549
576,8.593515404469459,,,9.837154467853868,9.85389299407992
577,8.523921201562109,,,9.842785797003346,9.85800486832929
578,8.538348290651962,,,9.822005878476455,9.84396310594516
579,8.624539955438996,,,9.817582698580832,9.809558811052646
580,8.600719024684336,,,9.765896908650983,9.799448013841316
581,8.682675909986799,,,9.765113249047387,9.791242682313543
582,8.65212584900171,,,9.807160009816423,9.783093070543337
583,8.595326951509312,,,9.756451332266021,9.788040272606393
584,8.672883632236019,,,9.727037499688329,9.818309861994239
585,8.597271786883702,,,9.754951739814434,9.817838750241238
586,8.582797294334291,,,9.731266556186593,9.83118130097739
587,8.573714016338634,,,9.712372799860944,9.80897231443219
588,8.560828590308939,,,9.713648699241753,9.859462126164814
589,8.49184041521918,,,9.712718716746297,9.835622565539937
590,8.525595298237876,,,9.73587445225757,9.838036554194192
591,8.501016356716134,,,9.793423132223134,9.841666759997722
592,8.513463812761891,,,9.779146470529954,9.824174846233243
593,8.50887362673365,,,9.954109929374463,9.950303819815277
594,8.467073523382439,,,9.997303950123055,9.980915063129748
595,8.515566392852218,,,10.018678375622219,9.981354665256308
596,8.546551233366383,,,9.97992923803294,9.983222878352446
597,8.540582701434936,,,9.947273001142593,9.953234694845598
598,8.562848558301482,,,9.950343589450453,9.932069696358962
599,8.602982194818015,,,9.977912488927966,9.975498899728189
600,8.58203167237713,,,10.016666468277112,10.029548298114307
601,8.668257684625473,,,9.90116899322984,10.004193029491569
602,8.65214668108891,,,9.90781620090877,10.00358881532113
603,8.648949275335877,,,9.789284093483674,9.8859862886315
604,8.611215819915268,,,9.74920471656758,9.947843861685454
605,8.655963885804146,,,9.779198076808916,9.978497031330345
606,8.657502737791287,,,9.810695572960707,10.05446446326517
607,8.686638476778834,,,9.79882977459339,10.153739797300647
608,8.665855792681658,,,9.760448865198764,10.175369792756845
609,8.584123633538997,,,9.624367191515523,10.222861921370148
610,8.656851832788764,,,9.534570769203878,10.201449574897433
611,8.592720690123043,,,9.550303507959539,10.140983234371324
612,8.617604975585575,,,9.455872217308503,10.125200999897256
613,8.676911960170518,,,9.453206533004767,10.171684662455425
614,8.744374714410382,,,9.448767334717894,10.093944828646757
615,8.691095791208117,,,9.395379345443578,10.044138971407214
616,8.63084334869184,,,9.36152819674794,9.965030067786138
617,8.643069289106693,,,9.429857010988233,9.994064432895522
618,8.693333862484137,,,9.541363780645932,10.018339194018866
619,8.770612579356857,,,9.650558198436695,9.994386006847257
620,8.738457588422856,,,9.799707846142153,10.012362845321597
621,8.718867605839254,,,9.87578473024192,10.071828630942687
622,8.685780401261301,,,9.99182786545602,10.013950747887224
623,8.666300511915095,,,10.098614310300286,9.943342731532168
624,8.662705132026591,,,10.180375054289556,10.003198799151207
625,8.701356452440553,,,10.295790126821142,10.044761368982785
626,8.678982785905765,,,10.39621109978271,10.03345241691326
627,8.726615462014092,,,10.418656057809622,9.951631096690628
628,8.667116761018791,,,10.45685297918176,9.97306126398888
629,8.612990876064488,,,10.483063595724992,10.03298199111805
630,8.527580548764554,,,10.46052290239063,10.07442843546086
631,8.4952341427039,,,10.467348786640803,10.07506572884457
632,8.562100417605631,,,10.44385459533458,10.147079396921729
633,8.568252053045185,,,10.392123789610276,10.119053837825174
634,8.518263772156848,,,10.284783984275839,10.11215933924606
635,8.42919621204806,,,10.188020328272481,10.075067392281017
636,8.469209952230745,,,10.13987157086474,10.092591789731289
637,8.463667924065643,,,10.11626566912758,10.061589125430276
638,8.446635905041997,,,10.01515598468388,9.964357130340657
639,8.400784848430778,,,10.056060987214048,9.870988034793815
640,8.418737605393229,,,9.978057244308275,9.764251676894803
641,8.455319079730645,,,9.998572507831328,9.752994133850905
642,8.32169359571176,,,10.014680329789076,9.723672861752421
643,8.308835749909147,,,9.992502809777381,9.819442582739466
644,8.338521844909792,,,10.114667484141178,9.72377628049657
645,8.409099604145092,,,10.089952910446772,9.781119027713016
646,8.484930141366505,,,10.100953526290635,9.82212073055323
647,8.471269760888411,,,10.127808954259745,9.846162255325375
648,8.480984847755233,,,10.138346284066804,9.842486755240602
649,8.500796030663356,,,10.137899451869572,9.867413624978438
650,8.602577508568212,,,10.146554924558277,9.937221700250802
651,8.617323267466654,,,10.098953114002333,9.966647587557107
652,8.723616091142334,,,10.061646057831041,9.967041779051634
653,8.734589276475624,,,10.04827598432017,9.948648117779445
654,8.757280429965702,,,10.003410317596723,9.942334246422108
655,8.733027589605644,,,10.064184489935181,9.95596200559021
656,8.658523060240467,,,9.986475704279592,9.92091443688361
657,8.605384125809081,,,10.008007187818624,9.92557538818793
658,8.614070054614544,,,9.983705562157496,9.917993482327661
659,8.640001764853796,,,9.981198671625961,9.88910147705271
660,8.535711645174711,,,10.053564441347953,9.861444147559261
661,8.545668501691644,,,10.017281234263772,9.898455026662697
662,8.53528011498906,,,10.021923561734095,9.89278925606913
663,8.58613723603614,,,10.01539068531753,9.893951822722569
664,8.486808115192627,,,9.994879571567512,9.860815702790886
665,8.52334275199376,,,9.96867045408025,9.815667153078426
666,8.576047386379933,,,10.059599167363844,9.801945033527451
667,8.514240991603694,,,10.055812510789865,9.783067732156306
668,8.495879677064355,,,10.15932796860693,9.783169965029169
669,8.492364676120921,,,10.095429599301397,9.795162079684957
670,8.456684521808562,,,10.034195206412093,9.789668392999415
671,8.41546793670668,,,10.010803240061136,9.738069231366472
672,8.379661540447415,,,9.988553324157618,9.678757096783444
673,8.386930844849346,,,10.054754219783634,9.57843638055416
674,8.51124276140633,,,10.11404026335774,9.628666860617578
675,8.522531044374752,,,10.076517202080556,9.662314460908064
676,8.510308961084984,,,10.02181901439604,9.550222230834084
677,8.548011633639492,,,9.979329464808298,9.559798457850333
678,8.54678003832107,,,9.946016325546728,9.570043840530754
679,8.580305715568613,,,9.9457353194786,9.643937779720478
680,8.592026570590303,,,9.977177553618333,9.611012584858608
681,8.650861271084217,,,10.025625594608844,9.625884396949733
682,8.687804707374184,,,10.058616848687606,9.707619865122513
683,8.615512050563753,,,10.049881252349442,9.698455010393769
684,8.604515473238953,,,9.996518682711322,9.748124106920416
685,8.575195336919561,,,10.028861843951333,9.733126266782076
686,8.534611323817353,,,10.05033387244915,9.854269213926294
687,8.612013458373815,,,10.045274196653494,10.019667575825224
688,8.590841654402258,,,10.020223384391077,9.951240014439868
689,8.593269317471867,,,10.03703630711731,9.957756526112016
690,8.650288387679746,,,10.078141386326413,9.95491636082526
691,8.608143799937464,,,10.114411315781322,9.946751951416505
692,8.616528955119392,,,10.101762635985377,9.939961296302537
693,8.579065524110247,,,10.098963972947931,10.009919142536134
694,8.583796395079004,,,10.079996663650503,9.962947436881624
695,8.555893013201572,,,10.131652783339893,9.973954527447301
696,8.547890780687238,,,10.145226019069524,9.900890888237738
697,8.54177217609616,,,10.137974127256093,9.783402004637509
698,8.553335168728763,,,10.157576463915861,9.85472013925415
699,8.482255042049337,,,10.101981828231663,9.749063540804377
700,8.412697676737249,,,9.9933877036184,9.748994976252199
701,8.449032988520521,,,9.919508749988447,9.792791021531773
702,8.403720476211255,,,9.926974016199406,9.777788164544953
703,8.514550644626151,,,9.966245129861134,9.808961501005045
704,8.414248739669887,,,10.058333626703828,9.801821035577893
705,8.484325948398638,,,10.037127398961745,9.81753666603594
706,8.51668586517793,,,10.037264433948035,9.903222640322129
707,8.482597682980279,,,9.979451081562791,9.945981150063762
708,8.493344592839346,,,9.948154159362748,9.955518802382421
709,8.561916749670056,,,9.980971762146401,10.026998611004394
710,8.617452117012274,,,10.005629904758244,10.048666841963081
711,8.636130073819343,,,10.049372755449966,10.049321479340362
712,8.684189074707637,,,10.031622448883313,10.041596014015482
713,8.632862110350946,,,9.897601014318795,10.056872079473624
714,8.7010363167189,,,9.84649667109444,10.07767944173135
715,8.64885818800937,,,9.793230180004839,10.047316238250717
716,8.658675335776461,,,9.793262734856729,10.025995179117862
717,8.609459474866702,,,9.93931291261467,9.967352474490635
718,8.58964516218727,,,9.935907717307046,9.97362472176735
719,8.60830160754092,,,9.881594584117442,9.95913655046612
720,8.623853160007165,,,9.90119926207138,10.021372139966331
721,8.589027335610758,,,9.95285711729168,10.01496195298829
722,8.595631399046885,,,10.047687207056477,10.083885961895236
723,8.609804588565689,,,10.076531741922746,10.045189582834784
724,8.609427532084837,,,10.06905918321639,10.02783957791123
725,8.588588255894726,,,10.086168519464497,10.074730163365455
726,8.586882682176018,,,10.060425443634054,10.112287121617815
727,8.614598905738477,,,10.064805836098078,10.164572193884029
728,8.675611876783798,,,10.017149080646575,10.149654898616248
729,8.591107041821104,,,10.086899625842186,10.136495572231194
730,8.618666656255881,,,10.083338790487742,10.015243789608117
731,8.63730749208735,,,10.05216777579751,9.965891441778076
732,8.640117982986407,,,9.954034640141577,9.973681901684307
733,8.654905112293767,,,9.987508732308402,9.974031041692516
734,8.721678640591236,,,9.922217678594347,10.03228131554123
735,8.774197003384636,,,9.918003432703228,9.986151327505718
736,8.695256287645782,,,9.894965891613511,9.96268794642241
737,8.675050548405697,,,9.80874442086449,9.859302041573814
738,8.628012384530662,,,9.84344440104374,9.886181400153017
739,8.675702098811218,,,9.849552384363554,9.778453063117935
740,8.64548617738423,,,9.833581894470054,9.833272626587627
741,8.59256393942713,,,9.832066419693987,9.781741445516207
742,8.576807748839524,,,9.823896450394008,9.786237591170584
743,8.505645332574295,,,9.742203601652594,9.831415655767037
744,8.418688507860658,,,9.806532628304335,9.822330391388796
745,8.32832523481229,,,9.768010972661882,9.888302102603333
746,8.353079661960225,,,9.75361877854712,9.83921105771993
747,8.347219505916463,,,9.710674906689208,9.953305007447616
748,8.333943675291826,,,9.782631712493089,9.985541647591102
749,8.368872215584764,,,9.69816881564116,10.091910819316007
750,8.318074187500406,,,9.820486942412064,10.142715885658543
751,8.43791251597917,,,9.841100858871128,10.162613544703525
752,8.458741160576977,,,9.877121324304804,10.08431218673918
753,8.503105356991398,,,9.967404366723903,10.03119938802443
754,8.502975241148244,,,9.970935804201916,9.99304805415986
755,8.583729931032936,,,10.062492769132108,9.893411627742367
756,8.605387263312066,,,10.150531685901331,9.977972787532039
757,8.661217721159334,,,10.234943106069666,9.89963520499606
758,8.789629089152307,,,10.23047300597943,9.878793599136438
759,8.756494865783623,,,10.350525184646353,9.868252861071895
760,8.839425575167663,,,10.286189026220482,9.756809828453045
761,8.730998582480323,,,10.288409004516964,9.814628400310765
762,8.714182510392673,,,10.365164699266215,9.775794817819916
763,8.76612290518872,,,10.42923374310914,9.801386199699602
764,8.774889662998689,,,10.34285284253487,9.774904168572807
765,8.811186216659738,,,10.374789006738073,9.899221952033972
766,8.853098716263835,,,10.381888935034715,9.892195261581199
767,8.833408428281444,,,10.373848908098607,9.910866778731483
768,8.769155484349552,,,10.354733143641372,9.949917482150573
769,8.808169892115732,,,10.382670960482992,9.941496398613044
770,8.788138469746407,,,10.387869785945151,10.034483059895607
771,8.756323129179039,,,10.324698733372834,10.031674174164039
772,8.730126829150425,,,10.25130019890258,10.11576459822783
773,8.659370158191669,,,10.14459387015077,10.16692446637831
774,8.675197331339794,,,10.14758417299221,10.244944173837498
775,8.637874294525133,,,10.049561479743417,10.173924934939606
776,8.621647587414175,,,10.022930294561172,10.070047333391452
777,8.592888687319995,,,10.011784893617378,10.023456500946393
778,8.583180055690018,,,10.00594518016582,9.964019152106108
779,8.572746369128335,,,9.964973587708762,9.996302264052968
780,8.572896578872857,,,9.933420119059903,9.927516266802165
781,8.664995774197854,,,9.928712997923386,10.011449553947863
782,8.722541787334631,,,9.918844856774804,10.058136882371183
783,8.75318986401684,,,9.974287742899875,10.02927547465386
784,8.759073295237993,,,10.036922868472116,10.002303418030355
785,8.681591427670627,,,10.087271692229098,9.981695070600097
786,8.689288349588155,,,10.064835214874742,10.006400678882162
787,8.742536349053658,,,10.029333888336721,10.04674760554587
788,8.737391155022998,,,10.03505628761577,10.06158636305229
789,8.666146124331348,,,9.989319162108304,10.008949688642106
790,8.605390677516755,,,9.916729656150602,10.064767686860902
791,8.605230482074326,,,9.911372239816949,9.963244566263421
792,8.573697991757335,,,9.857510578453727,9.829074736092348
793,8.57821108199875,,,9.79856354238994,9.77176360147987
794,8.577468121903436,,,9.7792622694932,9.750923533310754
795,8.631710867191885,,,9.722451242620762,9.831835351720676
796,8.649739314489162,,,9.705217957510229,9.892130604254863
797,8.6247991639182,,,9.630778183857567,9.836141483810989
798,8.618293573093982,,,9.607100849215058,9.843623383115087
799,8.649785870640136,,,9.615792909595545,9.830701972524649
800,8.67243084888253,,,9.627970300380607,9.859788531762662
801,8.620123756775182,,,9.653666878059244,9.84869086313849
802,8.622785920188866,,,9.706594339804042,9.919449336453908
803,8.578194711522073,,,9.658824894424693,10.005119585000019
804,8.621911218982936,,,9.610232107010313,9.973523411283946
805,8.591460584784022,,,9.572622460649065,9.847799739348531
806,8.54946862322089,,,9.505948644384425,9.80390348722736
807,8.549160371601314,,,9.581889602575389,9.897176525702493
808,8.594017550426779,,,9.545743098446831,9.820957773967288
809,8.610146358283341,,,9.517118160909247,9.772727494722078
810,8.656990013866114,,,9.455377238298455,9.71493002978635
811,8.616097648591577,,,9.46141555663908,9.754533596467223
812,8.623455375064975,,,9.391874018542985,9.8035451375034
813,8.672836724350626,,,9.46406600512544,9.732180210801191
814,8.629991559302193,,,9.516658738144072,9.763475693147962
815,8.695274629068601,,,9.634831513757804,9.859628966985472
816,8.688759764427779,,,9.661232862048038,9.807263751101335
817,8.756971748075134,,,9.55084650970507,9.751068655983408
818,8.789613475464648,,,9.591416544017179,9.816794500968548
819,8.779255920721145,,,9.692295179416623,9.943312534648392
820,8.73388621118002,,,9.826933656684322,9.939572213530942
821,8.841495102675474,,,9.817622808056669,9.919169111119578
822,8.888470848481738,,,9.836617133893728,9.780351680010305
823,8.842357281338213,,,9.849026399430862,9.777448326009134
824,8.828143362589996,,,9.783646089569094,9.81712238896809
825,8.78546240227596,,,9.708952624841736,9.738568112790087
826,8.75787248564931,,,9.743459931139519,9.8175922340472
827,8.677903205021952,,,9.851042142986744,9.85320603078909
828,8.561414265516788,,,9.898934087481813,9.835496006827764
829,8.541542999992624,,,9.795668868676401,9.828127596713314
830,8.551954035867617,,,9.698106874859294,9.81309394165383
831,8.5053620474052,,,9.655472333540954,9.803963741926344
832,8.49907048234331,,,9.59564133876769,9.918988676756625
833,8.48018291335069,,,9.540252163303967,9.942648989134181
834,8.527505164979718,,,9.56787289574392,9.89007216617742
835,8.528854295844974,,,9.553441917555835,9.925529532477825
836,8.569099318059578,,,9.546630568645472,9.937414300354375
837,8.621592544457503,,,9.501011325245011,9.824949932820248
838,8.623462305451374,,,9.475078229884774,9.867996776247049
839,8.667104640723847,,,9.506176005853328,9.832688685199024
840,8.680741377963713,,,9.559283777898907,9.87134388129709
841,8.698262658577207,,,9.581386662473806,9.912244116910351
842,8.664688708174141,,,9.666971081869068,9.82265882164417
843,8.792224726524077,,,9.719944473317685,9.778254928625842
844,8.74230230100187,,,9.689145776202196,9.78404016970939
845,8.735208510820879,,,9.663712069161459,9.740644598536827
846,8.723049497498618,,,9.641196521775298,9.780017594821471
847,8.682973912788766,,,9.608250466781673,9.82763640566138
848,8.697561688176153,,,9.521837689704414,9.762311371447318
849,8.729510865717716,,,9.485924766880872,9.782619635340396
850,8.771139972571348,,,9.500906587870563,9.715914708694784
851,8.728841655350008,,,9.505855234374106,9.649134391684393
852,8.683892971709751,,,9.50951925056929,9.71125830646483
853,8.610160227563984,,,9.529150535195392,9.722777756929432
854,8.60898956366142,,,9.592290928683418,9.725348047093144
855,8.64462311336259,,,9.66788222798397,9.730895910807991
856,8.667828645933607,,,9.708826817216517,9.59951822181319
857,8.636549171087031,,,9.804746606795737,9.64219676829071
858,8.711444303133558,,,9.846350042930762,9.729810928962243
859,8.727794599988226,,,9.801624494265495,9.72517264164523
860,8.658380821486935,,,9.78727209404852,9.788276989377472
861,8.666748906002574,,,9.852759433053148,9.840820711120008
862,8.707312627036279,,,9.888776701027636,9.791254309769194
863,8.698953952469779,,,9.90076663193537,9.884767263172687
864,8.737651490040161,,,9.945808523253412,9.911879910352713
865,8.787314672745671,,,9.928854170240797,10.010337015635963
866,8.772953887575934,,,9.931314602959029,10.053851804046072
867,8.794248974083992,,,9.89096671507494,10.1232921088688
868,8.692672431419007,,,9.892339144268322,10.094477063186382
869,8.605516497065468,,,10.000536324241084,10.119121400208401
870,8.624065659570634,,,10.04660944667301,10.122951236934004
871,8.699295566245468,,,9.983652909427867,10.093529415935127
872,8.671252194901326,,,9.93315846043173,10.19604330092657
873,8.673765305654143,,,9.8811416367124,10.140912672900175
874,8.656824714739086,,,9.846689473860929,10.060713998766918
875,8.629233721418336,,,9.777767601039503,9.957831702924047
876,8.727953452173825,,,9.675240449742494,9.983534863967353
877,8.741112522373237,,,9.660889976582967,9.929386445526815
878,8.776042184757884,,,9.61583266532187,9.902118178175856
879,8.840260511964555,,,9.55876429884498,9.938976483859335
880,8.865932832281775,,,9.497773973105915,9.86151068708553
881,8.864088341826934,,,9.479573549828302,9.878013511105925
882,8.901407653294607,,,9.534060400016326,9.759923632860081
883,8.879029837172919,,,9.55619890302106,9.781098284834412
884,8.896776314452449,,,9.55287515822079,9.850652144184343
885,8.894557337301812,,,9.63961937582355,9.90718395650844
886,8.835260306720432,,,9.69233515807932,9.87854108043833
887,8.868512287247947,,,9.759153703014155,9.915777895771566
888,8.918942522030493,,,9.80934910634805,9.959014442305019
889,8.923015433328745,,,9.862534052677438,9.933476572292788
890,8.94696572359682,,,9.842378727350864,10.005605085561728
891,8.91317850365198,,,9.800878464799545,10.02477801547247
892,8.89194955392443,,,9.780031507571715,10.071042841544038
893,8.913541212665145,,,9.773931211081985,10.07932185758311
894,8.938185971204947,,,9.720673039189625,10.152551530759506
895,8.871159314255976,,,9.656424308256366,10.18259136560271
896,8.853238151376594,,,9.729725498331494,10.19035803687665
897,8.826513236365166,,,9.645227070485925,10.15394576071813
898,8.793481588365113,,,9.700918641491208,10.061180447672449
899,8.798081819508056,,,9.641482529180308,10.05427673051022
900,8.759062314849462,,,9.694791641959787,10.071170371634167
901,8.735274160248897,,,9.757055367484803,9.970405410630985
902,8.693120579410557,,,9.770753238281667,9.94804182030708
903,8.70920644744271,,,9.755014984024328,9.89883216438628
904,8.68762998845875,,,9.80215553293784,9.818729824894737
905,8.79064401978624,,,9.841895226212934,9.727418632106785
906,8.767604821440306,,,9.771119573133621,9.771542450298806
907,8.783581617653496,,,9.845180592773632,9.770911916592844
908,8.788783614331443,,,9.768334147754716,9.819742183224024
909,8.795723806972143,,,9.787394773457512,9.778999392122289
910,8.782574003896437,,,9.722559314758525,9.813732716891616
911,8.786257236160436,,,9.618126698542703,9.965359465575343
912,8.848668415950094,,,9.561450767058234,10.005643795964936
913,8.830097177168401,,,9.64420294666984,10.008734957823101
914,8.791749239337426,,,9.65342806261741,10.055589217477287
915,8.725614051971318,,,9.648854738502694,10.102867492791475
916,8.773227049515718,,,9.67326303637558,10.092934267376814
917,8.728999150143242,,,9.641477413662802,10.11917800528185
918,8.720411598842704,,,9.670997982972308,10.055577997557103
919,8.63439956438002,,,9.630499436196038,10.136063750847281
920,8.687877722935319,,,9.702748023933815,10.093144666914124
921,8.639812937743795,,,9.822770319159357,10.00251124562073
922,8.611584490813545,,,9.85965170149793,10.006242847126368
923,8.632479651980924,,,9.787441527101691,10.012740118643862
924,8.733373898194436,,,9.752801255913337,9.907419943893117
925,8.769985715119173,,,9.752785459022203,9.96131545638682
926,8.78081034994291,,,9.751041639250685,9.949909530409325
927,8.970462866908319,,,9.714030027361282,9.922150868898713
928,9.021918060752157,,,9.668405327632883,10.018600797122485
929,9.101191673120383,,,9.713108232724728,9.912954311833113
930,9.189574059555754,,,9.73115791836541,9.916884634466086
931,9.35193295132137,,,9.666354095225305,9.913363350311293
932,9.47931209762493,,,9.59512637423494,9.941379697924452
933,9.640957176346241,,,9.602146678681857,9.853247251730282
934,9.723294826544931,,,9.638094565479232,9.912533441354233
935,9.814348780414608,,,9.673261798611854,9.826672308359214
936,9.874909621222042,,,9.73026716598283,9.840806481783991
937,9.902706520593897,,,9.801730911456254,9.840779449037065
938,10.019856562247917,,,9.934946466354601,9.776430187417809
939,10.112450786672142,,,9.93123361084532,9.78946569357254
940,10.178931769170584,,,9.903720165309782,9.768698681806862
941,10.157411791502382,,,10.00240754605006,9.744939303716626
942,10.12324611322057,,,10.056502658519324,9.746731887111853
943,10.046331226366863,,,10.102211473150259,9.817316631772913
944,10.011643755962087,,,10.202880732782674,9.70943879843928
945,10.016259213366126,,,10.2349693821723,9.719329909695968
946,10.03178999959345,,,10.269240910729513,9.661254296546339
947,9.998425305025833,,,10.271168581634234,9.578156444883373
948,9.92415499053456,,,10.236837372837194,9.556139346571808
949,9.968420548853777,,,10.325620301443797,9.588499371172112
950,9.894899580106904,,,10.386465614918773,9.644265809538703
951,9.967785518888878,,,10.476753911504527,9.693247667850136
952,10.024725504883431,,,10.591274539971552,9.638949677969284
953,10.050137536090732,,,10.588659419456294,9.673381203152466
954,10.055230599855133,,,10.57614429881218,9.772993577428327
955,10.048677892584728,,,10.625380637880234,9.76364986044168
956,10.066640772723332,,,10.677870995156434,9.76369534969629
957,10.081104591271952,,,10.79015039539932,9.772951643664229
958,10.1049477060179,,,10.775769254262721,9.833441662420437
959,10.058863346042834,,,10.75333550779565,9.874367933310083
960,10.033546253422502,,,10.707543023729691,9.861387624211229
961,10.01519119304578,,,10.635942361278202,9.872733862802399
962,9.958059726262405,,,10.611590223818359,9.893237337481896
963,9.988024124760045,,,10.665126540678786,9.929491109768614
964,9.95757622613161,,,10.628143267442173,9.91896885541588
965,9.883063854628363,,,10.5733783983313,9.997963569734889
966,9.855765543220711,,,10.521986152513854,10.018794095613298
967,9.783346237362947,,,10.417587598214464,10.046110534149976
968,9.803424830616825,,,10.51609369735453,9.954912328809199
969,9.743704298906726,,,10.477012788964538,9.844268014625403
970,9.723383823605094,,,10.524727232496257,9.782961324400105
971,9.61013792139766,,,10.601928917269184,9.709067389826815
972,9.616380627299979,,,10.58744312092852,9.672068943722065
973,9.470329191779083,,,10.547711222087154,9.557514847148214
974,9.407058924816534,,,10.540536534684847,9.45838224331869
975,9.458490127841753,,,10.547937553653721,9.310777798043194
976,9.45379290731816,,,10.588569439975435,9.219320236232154
977,9.465407435904655,,,10.541593507740313,9.222412515519176
978,9.377678207378203,,,10.52496524222978,9.188087022762598
979,9.390913258156317,,,10.529727036386559,9.228700169353552
980,9.400302375188302,,,10.502059358369152,9.242197503364872
981,9.411303393526241,,,10.408017476644275,9.345304211350127
982,9.465582187589073,,,10.4057746182953,9.377242920175066
983,9.570742922462406,,,10.324209796511738,9.496605073413
984,9.620934562024454,,,10.310240554398995,9.76475066130873
985,9.623319619839698,,,10.342582029350432,9.913021521601017
986,9.632813829311033,,,10.1938367770775,10.068964842505686
987,9.573396508804473,,,10.223208504754478,10.144689694998078
988,9.630270616333418,,,10.080208259838834,10.428473008322811
989,9.635227607005133,,,10.082716617785877,10.539465958522218
990,9.627532185481284,,,10.033598491584035,10.705350312615455
991,9.687689822095624,,,9.956369407769143,10.843024079342209
992,9.731787110701324,,,9.909505914658517,11.030769724239889
993,9.690256184889718,,,9.952299000709377,11.116089089812883
994,9.577202487370768,,,9.817012935900598,11.065252407339717
995,9.424849926794753,,,9.613706881325339,11.10063942514366
996,9.236559181980038,,,9.415741908590256,11.015095864841097
997,8.33169138385782,,,8.415786398426365,9.975773830595283
998,7.359558595284632,,,7.452680119461233,8.8174126919211
999,6.398973033312421,,,6.454347567948374,7.741972995213984
1000,5.4475049347161635,,,5.472395357356785,6.595706460295253
